{
  "data": [
    {
      "category": "\u5fc3\u8111\u8840\u7ba1", 
      "range": "0.327 - 0.937", 
      "result_display": "\u4e2d\u5ea6\u5f02\u5e38(++)", 
      "name": "\u8840\u7ba1\u963b\u529b", 
      "value": "1.650"
    }, 
    {
      "category": "\u8840\u7cd6", 
      "range": "2.204 - 2.819", 
      "result_display": "\u9633\u6027", 
      "name": "\u5c3f\u7cd6\u7cfb\u6570", 
      "value": "2.840"
    }, 
    {
      "category": "\u5185\u5206\u6ccc\u7cfb\u7edf", 
      "range": "2.967 - 3.528", 
      "result_display": "\u4e2d\u5ea6\u5f02\u5e38(++)", 
      "name": "\u80f8\u817a\u5206\u6ccc\u6307\u6570", 
      "value": "2.134"
    }, 
    {
      "category": "\u514d\u75ab\u7cfb\u7edf", 
      "range": "58.425 - 61.213", 
      "result_display": "\u4e2d\u5ea6\u5f02\u5e38(++)", 
      "name": "\u80f8\u817a\u6307\u6570", 
      "value": "53.806"
    }, 
    {
      "category": "\u7ef4\u751f\u7d20", 
      "range": "4.543 - 5.023", 
      "result_display": "\u4e2d\u5ea6\u5f02\u5e38(++)", 
      "name": "\u7ef4\u751f\u7d20C", 
      "value": "3.181"
    }, 
    {
      "category": "\u6c28\u57fa\u9178", 
      "range": "2.374 - 3.709", 
      "result_display": "\u4e2d\u5ea6\u5f02\u5e38(++)", 
      "name": "\u8272\u6c28\u9178", 
      "value": "4.979"
    }, 
    {
      "category": "\u773c\u90e8", 
      "range": "0.118 - 0.892", 
      "result_display": "\u4e2d\u5ea6\u5f02\u5e38(++)", 
      "name": "\u773c\u5468\u7ec6\u80de\u6d3b\u6027", 
      "value": "1.374"
    }, 
    {
      "category": "\u80a5\u80d6\u75c7", 
      "range": "1.341 - 1.991", 
      "result_display": "\u4e2d\u5ea6\u5f02\u5e38(++)", 
      "name": "\u7518\u6cb9\u4e09\u916f\u542b\u91cf\u5f02\u5e38\u7cfb\u6570", 
      "value": "3.786"
    }, 
    {
      "category": "\u80f6\u539f\u86cb\u767d", 
      "range": "6.178 - 8.651", 
      "result_display": "\u4e2d\u5ea6\u5f02\u5e38(++)", 
      "name": "\u5185\u5206\u6ccc\u7cfb\u7edf", 
      "value": "1.867"
    }, 
    {
      "category": "\u7ecf\u7edc", 
      "range": "0.481 - 1.043", 
      "result_display": "\u4e2d\u5ea6\u5f02\u5e38(++)", 
      "name": "\u8db3\u9633\u660e\u80c3\u7ecf", 
      "value": "0.126"
    }, 
    {
      "category": "\u7ecf\u7edc", 
      "range": "1.553 - 2.187", 
      "result_display": "\u91cd\u5ea6\u5f02\u5e38(+++)", 
      "name": "\u8db3\u53a5\u9634\u809d\u7ecf", 
      "value": "0.081"
    }, 
    {
      "category": "\u8109\u640f\u4e0e\u8111\u8840\u7ba1", 
      "range": "60.735 - 65.396", 
      "result_display": "\u4e2d\u5ea6\u5f02\u5e38(++)", 
      "name": "\u4e2d\u98ce\u6307\u6570", 
      "value": "65.396"
    }
  ], 
  "patient": {
    "name": "Two", 
    "weight": 60, 
    "mobile": null, 
    "company": null, 
    "height": 170, 
    "birthday": "1983-04-25", 
    "result": "Fat", 
    "sex": "female", 
    "age": 34
  }, 
  "measured_at": "2013-04-26 15:20"
}