{
  "data": [
    {
      "category": "\u9aa8\u5bc6\u5ea6", 
      "range": "0.209 - 0.751", 
      "result_display": "\u4e2d\u5ea6\u5f02\u5e38(++)", 
      "name": "\u9499\u6d41\u5931\u91cf", 
      "value": "0.887"
    }, 
    {
      "category": "\u8840\u7cd6", 
      "range": "2.967 - 3.528", 
      "result_display": "\u589e\u9ad8", 
      "name": "\u80f0\u5c9b\u7d20\u5206\u6ccc\u7cfb\u6570", 
      "value": "3.760"
    }, 
    {
      "category": "\u5fae\u91cf\u5143\u7d20", 
      "range": "1.219 - 3.021", 
      "result_display": "\u4e2d\u5ea6\u5f02\u5e38(++)", 
      "name": "\u9499", 
      "value": "0.567"
    }, 
    {
      "category": "\u6c28\u57fa\u9178", 
      "range": "2.374 - 3.709", 
      "result_display": "\u4e2d\u5ea6\u5f02\u5e38(++)", 
      "name": "\u8272\u6c28\u9178", 
      "value": "6.138"
    }, 
    {
      "category": "\u773c\u90e8", 
      "range": "2.031 - 3.107", 
      "result_display": "\u91cd\u5ea6\u5f02\u5e38(+++)", 
      "name": "\u773c\u76b1\u80f6\u539f", 
      "value": "0.257"
    }, 
    {
      "category": "\u773c\u90e8", 
      "range": "0.233 - 0.559", 
      "result_display": "\u4e2d\u5ea6\u5f02\u5e38(++)", 
      "name": "\u677e\u5f1b\u4e0b\u5782", 
      "value": "1.303"
    }, 
    {
      "category": "\u773c\u90e8", 
      "range": "0.332 - 0.726", 
      "result_display": "\u4e2d\u5ea6\u5f02\u5e38(++)", 
      "name": "\u6d6e\u80bf", 
      "value": "1.388"
    }, 
    {
      "category": "\u91cd\u91d1\u5c5e", 
      "range": "0.052 - 0.643", 
      "result_display": "\u4e2d\u5ea6\u5f02\u5e38(++)", 
      "name": "\u94c5", 
      "value": "1.160"
    }, 
    {
      "category": "\u91cd\u91d1\u5c5e", 
      "range": "0.153 - 0.621", 
      "result_display": "\u4e2d\u5ea6\u5f02\u5e38(++)", 
      "name": "\u7837", 
      "value": "1.414"
    }, 
    {
      "category": "\u80a5\u80d6\u75c7", 
      "range": "1.341 - 1.991", 
      "result_display": "\u4e2d\u5ea6\u5f02\u5e38(++)", 
      "name": "\u7518\u6cb9\u4e09\u916f\u542b\u91cf\u5f02\u5e38\u7cfb\u6570", 
      "value": "3.746"
    }, 
    {
      "category": "\u80f6\u539f\u86cb\u767d", 
      "range": "6.178 - 8.651", 
      "result_display": "\u4e2d\u5ea6\u5f02\u5e38(++)", 
      "name": "\u5185\u5206\u6ccc\u7cfb\u7edf", 
      "value": "1.754"
    }, 
    {
      "category": "\u80f6\u539f\u86cb\u767d", 
      "range": "3.376 - 4.582", 
      "result_display": "\u4e2d\u5ea6\u5f02\u5e38(++)", 
      "name": "\u514d\u75ab\u7cfb\u7edf", 
      "value": "1.333"
    }, 
    {
      "category": "\u7ecf\u7edc", 
      "range": "0.481 - 1.043", 
      "result_display": "\u4e2d\u5ea6\u5f02\u5e38(++)", 
      "name": "\u8db3\u9633\u660e\u80c3\u7ecf", 
      "value": "0.117"
    }, 
    {
      "category": "\u7ecf\u7edc", 
      "range": "4.832 - 5.147", 
      "result_display": "\u4e2d\u5ea6\u5f02\u5e38(++)", 
      "name": "\u8db3\u592a\u9633\u8180\u80f1\u7ecf", 
      "value": "1.518"
    }, 
    {
      "category": "\u7ecf\u7edc", 
      "range": "6.138 - 21.396", 
      "result_display": "\u4e2d\u5ea6\u5f02\u5e38(++)", 
      "name": "\u51b2\u8109", 
      "value": "3.458"
    }, 
    {
      "category": "\u8109\u640f\u4e0e\u8111\u8840\u7ba1", 
      "range": "0.983 - 1.265", 
      "result_display": "\u4e2d\u5ea6\u5f02\u5e38(++)", 
      "name": "\u5fc3\u810f\u5916\u5468\u963b\u529b(TRR)", 
      "value": "1.740"
    }
  ], 
  "patient": {
    "name": "One", 
    "weight": 60, 
    "mobile": null, 
    "company": null, 
    "height": 160, 
    "birthday": "1973-04-25", 
    "result": "Fat", 
    "sex": "male", 
    "age": 44
  }, 
  "measured_at": "2013-04-26 13:28"
}