{
  "data": [
    {
      "category": "Cardiocerebral Vascular", 
      "range": "1.672 - 1.978", 
      "result_display": "Moderately Abnormal(++)", 
      "name": "Vascular Elasticity", 
      "value": "1.412"
    }, 
    {
      "category": "Cardiocerebral Vascular", 
      "range": "0.192 - 0.412", 
      "result_display": "Moderately Abnormal(++)", 
      "name": "Myocardial Blood Demand", 
      "value": "0.637"
    }, 
    {
      "category": "Cardiocerebral Vascular", 
      "range": "1.338 - 1.672", 
      "result_display": "Moderately Abnormal(++)", 
      "name": "Stroke Volume", 
      "value": "0.619"
    }, 
    {
      "category": "Cardiocerebral Vascular", 
      "range": "1.553 - 2.187", 
      "result_display": "Moderately Abnormal(++)", 
      "name": "Coronary Artery Elasticity", 
      "value": "1.061"
    }, 
    {
      "category": "Cardiocerebral Vascular", 
      "range": "0.708 - 1.942", 
      "result_display": "Moderately Abnormal(++)", 
      "name": "Cerebral Blood Vessel Elasticity", 
      "value": "0.283"
    }, 
    {
      "category": "Gastrointestinal Function", 
      "range": "0.313 - 0.713", 
      "result_display": "Moderately Abnormal(++)", 
      "name": "Pepsin Secretion Coefficient", 
      "value": "1.147"
    }, 
    {
      "category": "Bone Mineral Density", 
      "range": "0.209 - 0.751", 
      "result_display": "Moderately Abnormal(++)", 
      "name": "Amount of Calcium Loss", 
      "value": "0.939"
    }, 
    {
      "category": "Rheumatoid Bone Disease", 
      "range": "421.000 - 490.000", 
      "result_display": "Moderately Abnormal(++)", 
      "name": "Degree of Cervical Calcification", 
      "value": "510.681"
    }, 
    {
      "category": "Rheumatoid Bone Disease", 
      "range": "4.023 - 11.627", 
      "result_display": "Moderately Abnormal(++)", 
      "name": "Rheumatism Coefficient", 
      "value": "17.353"
    }, 
    {
      "category": "Blood Sugar", 
      "range": "2.967 - 3.528", 
      "result_display": "Increase", 
      "name": "Coefficient of Insulin Secretion", 
      "value": "3.741"
    }, 
    {
      "category": "Human Toxin", 
      "range": "0.013 - 0.313", 
      "result_display": "Moderately Abnormal(++)", 
      "name": "Toxic Pesticide Residue", 
      "value": "0.554"
    }, 
    {
      "category": "Trace Element", 
      "range": "1.143 - 1.989", 
      "result_display": "Moderately Abnormal(++)", 
      "name": "Zinc", 
      "value": "0.695"
    }, 
    {
      "category": "Skin", 
      "range": "4.471 - 6.079", 
      "result_display": "Moderately Abnormal(++)", 
      "name": "Skin Collagen Index", 
      "value": "2.286"
    }, 
    {
      "category": "Skin", 
      "range": "0.218 - 0.953", 
      "result_display": "Moderately Abnormal(++)", 
      "name": "Skin Moisture Index", 
      "value": "2.325"
    }, 
    {
      "category": "Skin", 
      "range": "2.214 - 4.158", 
      "result_display": "Moderately Abnormal(++)", 
      "name": "Skin Moisture Loss", 
      "value": "6.942"
    }, 
    {
      "category": "Endocrine System", 
      "range": "2.967 - 3.528", 
      "result_display": "Moderately Abnormal(++)", 
      "name": "Thymus gland secretion index", 
      "value": "2.241"
    }, 
    {
      "category": "Immune System", 
      "range": "58.425 - 61.213", 
      "result_display": "Moderately Abnormal(++)", 
      "name": "Thymus index", 
      "value": "54.961"
    }, 
    {
      "category": "Vitamin", 
      "range": "0.346 - 0.401", 
      "result_display": "Moderately Abnormal(++)", 
      "name": "Vitamin A", 
      "value": "0.305"
    }, 
    {
      "category": "Vitamin", 
      "range": "4.826 - 6.013", 
      "result_display": "Moderately Abnormal(++)", 
      "name": "VitaminE", 
      "value": "4.008"
    }, 
    {
      "category": "Amino Acid", 
      "range": "2.374 - 3.709", 
      "result_display": "Moderately Abnormal(++)", 
      "name": "Tryptophan", 
      "value": "6.036"
    }, 
    {
      "category": "Bone Growth Index", 
      "range": "0.713 - 0.992", 
      "result_display": "Moderately Abnormal(++)", 
      "name": "Status of long bone healing", 
      "value": "0.422"
    }, 
    {
      "category": "Eye", 
      "range": "0.332 - 0.726", 
      "result_display": "Moderately Abnormal(++)", 
      "name": "Edema", 
      "value": "1.657"
    }, 
    {
      "category": "Eye", 
      "range": "2.017 - 5.157", 
      "result_display": "Moderately Abnormal(++)", 
      "name": "Visual fatigue", 
      "value": "10.127"
    }, 
    {
      "category": "collagen", 
      "range": "3.492 - 4.723", 
      "result_display": "Moderately Abnormal(++)", 
      "name": "The stomach and intestines", 
      "value": "0.995"
    }, 
    {
      "category": "collagen", 
      "range": "6.256 - 8.682", 
      "result_display": "Moderately Abnormal(++)", 
      "name": "ossature", 
      "value": "2.818"
    }, 
    {
      "category": "meridians and collaterals", 
      "range": "1.554 - 1.988", 
      "result_display": "Moderately Abnormal(++)", 
      "name": "gall bladder meridian", 
      "value": "0.625"
    }, 
    {
      "category": "Thyroid", 
      "range": "0.421 - 0.734", 
      "result_display": "Severely Abnormal(+++)", 
      "name": "Anti-thyroglobulin antibodies", 
      "value": "0.111"
    }, 
    {
      "category": "Blood lipids", 
      "range": "0.831 - 1.588", 
      "result_display": "Severely Abnormal(+++)", 
      "name": "Low-density lipoprotein(LDL-C)", 
      "value": "0.158"
    }, 
    {
      "category": "Fatty Acid Test Report", 
      "range": "2.125 - 3.218", 
      "result_display": "Moderately Abnormal(++)", 
      "name": "Essential fatty acid", 
      "value": "4.732"
    }, 
    {
      "category": "Fatty Acid Test Report", 
      "range": "2.660 - 4.232", 
      "result_display": "Moderately Abnormal(++)", 
      "name": "Unsaturated fatty acid", 
      "value": "6.658"
    }, 
    {
      "category": "Fatty Acid Test Report", 
      "range": "0.880 - 1.653", 
      "result_display": "Moderately Abnormal(++)", 
      "name": "Phospholipid", 
      "value": "2.233"
    }, 
    {
      "category": "Fatty Acid Test Report", 
      "range": "1.828 - 2.793", 
      "result_display": "Moderately Abnormal(++)", 
      "name": "Lecithin", 
      "value": "4.664"
    }, 
    {
      "category": "Fatty Acid Test Report", 
      "range": "0.372 - 1.031", 
      "result_display": "Moderately Abnormal(++)", 
      "name": "Cephalin", 
      "value": "1.741"
    }, 
    {
      "category": "Fatty Acid Test Report", 
      "range": "1.116 - 2.101", 
      "result_display": "Moderately Abnormal(++)", 
      "name": "Triacylglycerol", 
      "value": "5.118"
    }
  ], 
  "patient": {
    "name": "zz", 
    "weight": 55, 
    "mobile": null, 
    "company": "tommy", 
    "height": 162, 
    "birthday": "1994-07-30", 
    "result": "Standard", 
    "sex": "female", 
    "age": 23
  }, 
  "measured_at": "2017-10-31 15:06"
}